text,language,emotion,intensity,tone
"আজকে আমার অনেক ভালো লাগছে","bn","happy",0.85,"cheerful"
"I am really happy today.","en","happy",0.88,"cheerful"
"ajke amar project complete hoise 🔥","banglish","excited",0.95,"enthusiastic"
"ami confused hoye gesi","banglish","confused",0.82,"uncertain"
"আজকে মনটা খুব খারাপ।","bn","sad",0.90,"empathetic"
"I am feeling very sad and lonely.","en","sad",0.86,"empathetic"
"OMG! তুমি এটা সত্যিই করেছো!","bn-en","surprised",0.92,"astonished"
"আমি জানি না কী করব","bn","confused",0.84,"patient"
"ajke amar mood shob kharap","banglish","angry",0.89,"frustrated"
"I have an exam tomorrow and I haven't studied","en","worried",0.91,"reassuring"
"Thank you so much for helping me!","en","grateful",0.93,"thankful"
"তুমি অনেক সুইট!","bn-en","affectionate",0.87,"warm"
"bro I am super tired today","en","tired",0.78,"soft"
"This code is driving me crazy!","en","frustrated",0.85,"constructive"
"আমি তোমাকে ভালোবাসি ❤️","bn","romantic",0.96,"affectionate"
"ajke kalke shob chill","banglish","calm",0.65,"serene"
"I am bored, let's play a game","en","bored",0.72,"sprightly"
"What is the theory behind neural networks?","en","curious",0.75,"curious"
"আমি আশাবাদী সব ঠিক হয়ে যাবে","bn","hopeful",0.82,"encouraging"
"খুব হতাশ লাগলো বিষয়টায়","bn","disappointed",0.88,"understanding"
